Model,Type,Precision,Recall,F1,PR-AUC,ROC-AUC
LightGBM,Supervised (ML),0.3814,0.6768,0.4878,0.5724,0.8137
Supervised DNN,Supervised (DL),0.5039537412276367,0.5523984940003792,0.5270652693604869,0.5689075363385273,0.8124715071082721
XGBoost,Supervised (ML),0.3856,0.6685,0.4891,0.5679,0.811
LogisticRegression,Supervised (ML),0.2985,0.6624,0.4116,0.4941,0.7669
RandomForest,Supervised (ML),0.9771,0.0926,0.1692,0.4883,0.7551
Autoencoder (ours),Unsupervised,0.38922578745952313,0.17906768872396328,0.24528791926387652,0.297272970277729,0.6187412181014167
